id,titre,type,portee,regions,financeurs,instruments,beneficiaires,assiette_min,assiette_max,aide_min,aide_max,taux_min,taux_max,cloture,permanent,page_officielle,cdc,statut_verification,completude,confiance
"aura_ac9711c4d7d6d94e03552ce499bac0b01ae861c2a572bea8042b68eb92bd58ef","[ Région Commerce et Artisanat] Obtenir un prêt ""solidaire"" à taux zéro pour mon association","AIDE","REGIONAL","Auvergne-Rhône-Alpes","Auvergne-Rhône-Alpes","PRET_TAUX_ZERO","","","","","","","","","non","https://www.auvergnerhonealpes.fr/aides/region-commerce-et-artisanat-obtenir-un-pret-solidaire-taux-zero-pour-mon-association","","A_REVERIFIER","25","19"
"aura_7120fb0e4ce6e0c9952d9c2897dba5ce73f53523ba5ec9fa5b397b12512de963","[Pack relocalisation] - Trouver les compétences","AIDE","REGIONAL","Auvergne-Rhône-Alpes","Auvergne-Rhône-Alpes","SUBVENTION","PME | ETI | GE","","","6000","8000","","","","oui","https://www.auvergnerhonealpes.fr/aides/pack-relocalisation-trouver-les-competences","","A_REVERIFIER","63","28"
"aura_7a01e61d91f77aa21cd76353af672bf56d463d80d6d9bfbab82b8d6eb6faec40","[Région Commerce et Artisanat : Création | Reprise ] Financer ma TPE","AIDE","REGIONAL","Auvergne-Rhône-Alpes","Auvergne-Rhône-Alpes","PRET_TAUX_ZERO","","","","","","","","","non","https://www.auvergnerhonealpes.fr/aides/region-commerce-et-artisanat-creation-reprise-financer-ma-tpe","","A_REVERIFIER","38","28"
"aura_fac4f292e3cff19e056fa74024f2d6b7b1fd5b78ab7038b93a6ecd12c10af789","[Région Commerce et Artisanat : Création | Reprise ] Financer mon entreprise individuelle","AIDE","REGIONAL","Auvergne-Rhône-Alpes","Auvergne-Rhône-Alpes","PRET_TAUX_ZERO","","","","5000","12000","","","","non","https://www.auvergnerhonealpes.fr/aides/region-commerce-et-artisanat-creation-reprise-financer-mon-entreprise-individuelle","","A_REVERIFIER","44","28"
"aura_9d913239338f9bef5017a7eefa1d02c54a5208b62ace0f774399d9b3205a98c0","[Région Commerce et Artisanat ] Obtenir un prêt à taux zéro avec le Prêt Région Artisan et Commerçant Auvergne-Rhône-Alpes","AIDE","REGIONAL","Auvergne-Rhône-Alpes","Auvergne-Rhône-Alpes","PRET_TAUX_ZERO","","","","","","","","","non","https://www.auvergnerhonealpes.fr/aides/region-commerce-et-artisanat-obtenir-un-pret-taux-zero-avec-le-pret-region-artisan-et","","A_REVERIFIER","25","19"
"aura_387642a13b9075392ff9b25fd37ee125a39cf2691acddf2c6e94de93618571dd","[Région Commerce et Artisanat] Etre conseillé pour améliorer la performance de mon commerce de proximité","AIDE","REGIONAL","Auvergne-Rhône-Alpes","Auvergne-Rhône-Alpes","SUBVENTION","PME","","","","","","","","non","https://www.auvergnerhonealpes.fr/aides/region-commerce-et-artisanat-etre-conseille-pour-ameliorer-la-performance-de-mon-commerce-de","","A_REVERIFIER","50","28"
"aura_23cfccb32f51e5f4f559a6d6b85d39b3c5dbb7187d4edd48766aaab59e351230","[Région Industrie ] Chercher des financements européens","AIDE","REGIONAL","Auvergne-Rhône-Alpes","Auvergne-Rhône-Alpes","SUBVENTION","PME | ETI","","","1000","1000","70","70","","oui","https://www.auvergnerhonealpes.fr/aides/region-industrie-chercher-des-financements-europeens","","A_REVERIFIER","56","19"
"aura_23a24cef539b7b4a74771cbbfdfadb5d1b2686feb0076b3699b4cff46e4b0540","[Région Industrie] Être accompagné dans mon projet ""Industrie du Futur""","AIDE","REGIONAL","Auvergne-Rhône-Alpes","Auvergne-Rhône-Alpes","SUBVENTION","PME | ETI","","","","","","","","non","https://www.auvergnerhonealpes.fr/aides/region-industrie-etre-accompagne-dans-mon-projet-industrie-du-futur","","A_REVERIFIER","50","28"
"aura_ebe96a057228744fce24557ad01d526f22b53b140fdd0c0273863d85f23c2dd1","[Région Industrie] Financer les projets innovants pour mon entreprise","AIDE","REGIONAL","Auvergne-Rhône-Alpes","","PRET_TAUX_ZERO","PME | ETI","","","","","","","","non","https://www.auvergnerhonealpes.fr/aides/region-industrie-financer-les-projets-innovants-pour-mon-entreprise","","A_REVERIFIER","44","28"
"aura_5e7ed1810db4dfaa940df951188e3a71c4c5c458f757ed47726034aa2eb80b96","[Région Industrie] Innover par les usages","AIDE","REGIONAL","Auvergne-Rhône-Alpes","Auvergne-Rhône-Alpes","SUBVENTION","STARTUP | PME","","","2000","8000","50","50","","non","https://www.auvergnerhonealpes.fr/aides/region-industrie-innover-par-les-usages","","A_REVERIFIER","56","28"
"aura_bf0f475f5e39daebd61ecbea6187bb425b4c31ea28abf82e67fd66248ab71347","[Région Industrie] Recruter un cadre export","AIDE","REGIONAL","Auvergne-Rhône-Alpes","Auvergne-Rhône-Alpes","SUBVENTION","PME | ETI","","","","","","","","non","https://www.auvergnerhonealpes.fr/aides/region-industrie-recruter-un-cadre-export","https://www.auvergnerhonealpes.fr/media/8665/download?inline","A_REVERIFIER","50","19"
"aura_e8c4029029cc883313ef7afdcf92f151d800315c3b9fe36582703d039c3b331d","[Région Industrie] Recruter un Volontaire International en Entreprise (V.I.E)","AIDE","REGIONAL","Auvergne-Rhône-Alpes","Auvergne-Rhône-Alpes","SUBVENTION","PME | ETI","","","","","","","","non","https://www.auvergnerhonealpes.fr/aides/region-industrie-recruter-un-volontaire-international-en-entreprise-vie","https://www.auvergnerhonealpes.fr/media/1255/download?inline","A_REVERIFIER","56","28"
"aura_7f102c9805f6bcac7786cbef4f7cb8ca7d1a5ab34cbd7a3fc9c54a1fc5014ac5","Accompagner le développement durable des stations","AIDE","REGIONAL","Auvergne-Rhône-Alpes","","SUBVENTION","","","","400000","400000","30","30","","oui","https://www.auvergnerhonealpes.fr/aides/accompagner-le-developpement-durable-des-stations","","A_REVERIFIER","56","28"
"aura_d7fb3106222bc943c16643c8e5e0826418a5b3ab7f7857476a43e6c822b31cdf","Accompagner les artistes et les groupes émergents dans le domaine des musiques actuelles","AIDE","REGIONAL","Auvergne-Rhône-Alpes","Auvergne-Rhône-Alpes","SUBVENTION","","","","","","","","","non","https://www.auvergnerhonealpes.fr/aides/accompagner-les-artistes-et-les-groupes-emergents-dans-le-domaine-des-musiques-actuelles","","A_REVERIFIER","38","28"
"aura_129e8a6d124f46ba023dfbce01f8481dcd7bfc8f431f71748dc1517666d93abf","Acquérir de l’équipement adapté pour l’accès aux loisirs des personnes en situation de handicap","AIDE","REGIONAL","Auvergne-Rhône-Alpes","Auvergne-Rhône-Alpes","SUBVENTION","","","","","","","","","non","https://www.auvergnerhonealpes.fr/aides/acquerir-de-lequipement-adapte-pour-lacces-aux-loisirs-des-personnes-en-situation-de-handicap","https://www.auvergnerhonealpes.fr/media/13768/download?inline | https://www.auvergnerhonealpes.fr/media/13769/download?inline","A_REVERIFIER","50","28"
"aura_69f28b8b7fdbb80d409d4275bbe5867b39df54ba7e89e5541e431d33bce0bb73","Agir pour l'insertion professionnelle des personnes en situation de handicap","AIDE","REGIONAL","Auvergne-Rhône-Alpes","Auvergne-Rhône-Alpes","SUBVENTION","","","","","","","","","non","https://www.auvergnerhonealpes.fr/aides/agir-pour-linsertion-professionnelle-des-personnes-en-situation-de-handicap","https://www.auvergnerhonealpes.fr/media/11099/download?inline | https://www.auvergnerhonealpes.fr/media/10499/download?inline","A_REVERIFIER","50","28"
"aura_5614cdc84eb71782eb26f4704e9802ef200522fd3b48c7f83142c8bc88576e2b","Aménager des plateformes logistiques - Plan forêt-bois 2023-2027","AIDE","REGIONAL","Auvergne-Rhône-Alpes","Auvergne-Rhône-Alpes","SUBVENTION","","30000","","","","","","","non","https://www.auvergnerhonealpes.fr/aides/amenager-des-plateformes-logistiques-plan-foret-bois-2023-2027","","A_REVERIFIER","56","38"
"aura_fe3bf35fe0fef2919452b3429b75ddfb434f4c8eddc78719878b40bae22bbd53","Aménager des sites touristiques dédiés aux activités sportives et de loisirs de nature","AIDE","REGIONAL","Auvergne-Rhône-Alpes","Auvergne-Rhône-Alpes","SUBVENTION","","","","","","","","","non","https://www.auvergnerhonealpes.fr/aides/amenager-des-sites-touristiques-dedies-aux-activites-sportives-et-de-loisirs-de-nature","https://www.auvergnerhonealpes.fr/media/533/download?inline","A_REVERIFIER","50","28"
"aura_63568dab0a754a13662a49e73491c706bfb3afc7cf4b2c494b4238494df3be46","Appel à manifestation d’intérêt pour « Développer des formations innovantes en coopération avec l'Académie de l'Organisation Mondiale de la Santé »","AAP / AMI","REGIONAL","Auvergne-Rhône-Alpes","Auvergne-Rhône-Alpes","SUBVENTION | APPEL_A_PROJET","","","","","","","","2026-10-30","non","https://www.auvergnerhonealpes.fr/aides/appel-manifestation-dinteret-pour-developper-des-formations-innovantes-en-cooperation-avec","https://www.auvergnerhonealpes.fr/media/17144/download?inline","A_REVERIFIER","56","28"
"aura_7aca373b43945564854ee84124e741bd9fd47064e49c47a6a318199c8131bbe0","Bénéficier d'un investissement d'Auvergne-Rhône-Alpes Cinéma pour produire votre long-métrage ou votre projet audiovisuel de fiction et d'animation","AIDE","REGIONAL","Auvergne-Rhône-Alpes","Auvergne-Rhône-Alpes","SUBVENTION","","","","","","","","","non","https://www.auvergnerhonealpes.fr/aides/beneficier-dun-investissement-dauvergne-rhone-alpes-cinema-pour-produire-votre-long-metrage","","A_REVERIFIER","38","28"
"aura_243e5031c6f6ffa71f2c7a00286fb34cb44d83fdbd90d42fa0666f2ec7ac9eca","Concevoir, créer ou reprendre un spectacle professionnel de musiques actuelles","AIDE","REGIONAL","Auvergne-Rhône-Alpes","","SUBVENTION","","","","","","","","2027-01-31","oui","https://www.auvergnerhonealpes.fr/aides/creation-musiques-actuelles","","A_REVERIFIER","56","28"
"aura_d1ea6b03e162d7977b5a7ea21186045eae584bdf4abc2752a48844eb26616342","Créer ou aménager l'accès aux stations par des ascenseurs valléens","AIDE","REGIONAL","Auvergne-Rhône-Alpes","","SUBVENTION","","","","","","","","","non","https://www.auvergnerhonealpes.fr/aides/creer-ou-amenager-lacces-aux-stations-par-des-ascenseurs-valleens","","A_REVERIFIER","44","28"
"aura_a43cb5ca59baf0d1f3a11eb074fdf43d52d624975ce6355dcd7cce007b7b22c9","Créer ou développer une activité dans le secteur du tourisme gourmand","AIDE","REGIONAL","Auvergne-Rhône-Alpes","Auvergne-Rhône-Alpes","SUBVENTION","","","","5000","100000","20","50","","oui","https://www.auvergnerhonealpes.fr/aides/creer-ou-developper-une-activite-dans-le-secteur-du-tourisme-gourmand","https://www.auvergnerhonealpes.fr/media/13010/download?inline","A_REVERIFIER","63","28"
"aura_a4f61b884c93dee0536e3cb2570ce932d484d700e9ee815af6425af3e57fa8d7","Créer ou développer une maison ou un centre de santé pluriprofessionnels","AIDE","REGIONAL","Auvergne-Rhône-Alpes","","SUBVENTION","","","","250000","250000","","","","non","https://www.auvergnerhonealpes.fr/aides/creer-ou-developper-une-maison-ou-un-centre-de-sante-pluriprofessionnels","","A_REVERIFIER","44","28"
"aura_bad1fbc2f2b0f3b7f0e6c416d4ba03acb7a28623208eb4590d95b4008e8d2d93","Créer ou maintenir des centres de vacances accueillant des classes de neige ou de découverte de la montagne","AIDE","REGIONAL","Auvergne-Rhône-Alpes","Auvergne-Rhône-Alpes","SUBVENTION","","","","","","","","","non","https://www.auvergnerhonealpes.fr/aides/creer-ou-maintenir-des-centres-de-vacances-accueillant-des-classes-de-neige-ou-de-decouverte","","A_REVERIFIER","44","28"
"aura_57a8d89ca9acd46a6f47e083709441c3e76808cc026775e735e15f01ff5580fe","Créer un emploi partagé en agriculture","AIDE","REGIONAL","Auvergne-Rhône-Alpes","Auvergne-Rhône-Alpes","SUBVENTION","","","","5000","5000","","","","oui","https://www.auvergnerhonealpes.fr/aides/creer-un-emploi-partage-en-agriculture","","A_REVERIFIER","56","28"
"aura_5ab15f4353402789c053ec50e890da8485b8272b5a19811243d32bdad413098f","Développer l'attractivité des grandes itinérances emblématiques dans notre région","AIDE","REGIONAL","Auvergne-Rhône-Alpes","Auvergne-Rhône-Alpes","SUBVENTION","","5000","500000","5000","500000","30","50","","non","https://www.auvergnerhonealpes.fr/aides/developper-lattractivite-des-grandes-itinerances-emblematiques-dans-notre-region","https://www.auvergnerhonealpes.fr/media/1205/download?inline","A_REVERIFIER","56","28"
"aura_45bd4a0a375bee6226e75e4ef6134eb35aac283d76072d3198a4441c221cdf61","Développer ma start-up","AIDE","REGIONAL","Auvergne-Rhône-Alpes","Auvergne-Rhône-Alpes","PRET_TAUX_ZERO","STARTUP","","","50000","50000","","","","non","https://www.auvergnerhonealpes.fr/aides/developper-ma-start","","A_REVERIFIER","56","28"
"aura_d20f974941e19d5b56e169d8ab3089dd7e652d89e9b5d649c5c574cdfc3bb5f8","Développer ou créer une activité vétérinaire en zone rurale","AIDE","REGIONAL","Auvergne-Rhône-Alpes","Auvergne-Rhône-Alpes","SUBVENTION","","","","60000","60000","35","35","","oui","https://www.auvergnerhonealpes.fr/aides/developper-ou-creer-une-activite-veterinaire-en-zone-rurale","","A_REVERIFIER","56","28"
"aura_2a56e0c1099a3aeef40cd047fab64d47b28e46bb3f30f390459fbd09e66be760","Diversifier l'assolement","AIDE","REGIONAL","Auvergne-Rhône-Alpes","","SUBVENTION","","","","","","","","","non","https://www.auvergnerhonealpes.fr/aides/diversifier-lassolement","https://www.auvergnerhonealpes.fr/media/336/download?inline","A_REVERIFIER","50","28"
"aura_1fc4164e17da7580846702a152ab3966c39265966e6da73db7fa99e4a7236bb1","Diversifier l’offre touristique des territoires de montagne en toute saison","AIDE","REGIONAL","Auvergne-Rhône-Alpes","","SUBVENTION","","","","","","","","","non","https://www.auvergnerhonealpes.fr/aides/diversifier-loffre-touristique-des-territoires-de-montagne-en-toute-saison","https://www.auvergnerhonealpes.fr/media/2843/download?inline","A_REVERIFIER","50","28"
"aura_0faa3e6f39275e69d0dd18d10141a02eb7c4cada9ab74153e01092031eafd6b2","Equiper ma station de ski d’enneigeurs, créer des retenues d’altitude","AIDE","REGIONAL","Auvergne-Rhône-Alpes","Auvergne-Rhône-Alpes","SUBVENTION","","","","400000","400000","30","30","","oui","https://www.auvergnerhonealpes.fr/aides/equiper-ma-station-de-ski-denneigeurs-creer-des-retenues-daltitude","","A_REVERIFIER","56","28"
"aura_7618ecdafce900a8895b022d2c771352907a1810fd947a95ab03f7980781fc7f","Etre conseillé en autonomie alimentaire","AIDE","REGIONAL","Auvergne-Rhône-Alpes","Auvergne-Rhône-Alpes","SUBVENTION","","","","1000","1000","50","50","","oui","https://www.auvergnerhonealpes.fr/aides/etre-conseille-en-autonomie-alimentaire","https://www.auvergnerhonealpes.fr/media/355/download?inline","A_REVERIFIER","63","28"
"aura_a86faf11c01fd1c29f5d35a9310f6a331d76fc0d03ef90f72613a28ed3645432","Etre conseillé pour mon projet d'installation en agriculture","AIDE","REGIONAL","Auvergne-Rhône-Alpes","Auvergne-Rhône-Alpes","SUBVENTION","","","","2800","2800","","","","oui","https://www.auvergnerhonealpes.fr/aides/etre-conseille-pour-mon-projet-dinstallation-en-agriculture","https://www.auvergnerhonealpes.fr/media/8915/download?inline","A_REVERIFIER","63","28"
"aura_fddbf8a70d8dd0e7d09b72f561a85f90d83a918c25aff6cbb0538f233186bd30","Etre conseillé pour transmettre mon exploitation","AIDE","REGIONAL","Auvergne-Rhône-Alpes","Auvergne-Rhône-Alpes","SUBVENTION","","","","","","","","","non","https://www.auvergnerhonealpes.fr/aides/etre-conseille-pour-transmettre-mon-exploitation","https://www.auvergnerhonealpes.fr/media/8914/download?inline","A_REVERIFIER","50","28"
"aura_91c16ee8e40933515b4e99d74e50e6797a78a5caa39a5af9ff68e4ab16e077f8","Etre conseillé sur notre activité de transformation et de commercialisation","AIDE","REGIONAL","Auvergne-Rhône-Alpes","Auvergne-Rhône-Alpes","SUBVENTION","","","","1500","1500","30","30","","oui","https://www.auvergnerhonealpes.fr/aides/etre-conseille-sur-notre-activite-de-transformation-et-de-commercialisation","","A_REVERIFIER","56","28"
"aura_b91705cccdb456ff40f027079d75b4cbac189324dd56dcad6b20202338c38f40","Favoriser l’insertion avec le Contrat Région Emploi","AIDE","REGIONAL","Auvergne-Rhône-Alpes","","SUBVENTION","","","","","","","","","non","https://www.auvergnerhonealpes.fr/aides/favoriser-linsertion-avec-le-contrat-region-emploi","https://www.auvergnerhonealpes.fr/media/10827/download?inline","A_REVERIFIER","50","28"
"aura_adb677977bce1585964f2b95951ba86b49785c570f47417a5df750d924e3024f","Financer des projets de désamiantage de toiture en cas d'installation photovoltaïque","AIDE","REGIONAL","Auvergne-Rhône-Alpes","","SUBVENTION","PME","","","","","","","","non","https://www.auvergnerhonealpes.fr/aides/financer-des-projets-de-desamiantage-de-toiture-en-cas-dinstallation-photovoltaique","https://aides.auvergnerhonealpes.fr/aides | https://www.auvergnerhonealpes.fr/media/7433/download?inline","A_REVERIFIER","56","28"
"aura_f07a2bd1ebb56bf0dfc2f993b9158e1e0a576b8ffcd7cf1f66d778547d838f4b","Financer des projets innovants et/ou expérimentaux autour de l'énergie","AIDE","REGIONAL","Auvergne-Rhône-Alpes","Auvergne-Rhône-Alpes","SUBVENTION","","","","300000","300000","30","30","","oui","https://www.auvergnerhonealpes.fr/aides/financer-des-projets-innovants-etou-experimentaux-autour-de-lenergie","https://www.auvergnerhonealpes.fr/media/10322/download?inline | https://www.auvergnerhonealpes.fr/aides/aapexperimentationsterritoriales@auvergnerhonealpes.fr","A_REVERIFIER","56","19"
"aura_353ab3edf97a08c2c2a022bd2202961c4bf529a8772f424b882453336338ba12","Financer le développement d’outils numériques de valorisation et de médiation des patrimoines","AIDE","REGIONAL","Auvergne-Rhône-Alpes","","SUBVENTION","","","","40000","40000","40","40","","oui","https://www.auvergnerhonealpes.fr/aides/patrimoine-numerique","","A_REVERIFIER","56","28"
"aura_372e32b1a0c191cd0888fbf89185c6eaa02f3c12c874f0a4e6a690a1f7dd5717","Financer le développement de prototypes fonctionnels, avec les partenariats d’innovation Auvergne-Rhône-Alpes","AIDE","REGIONAL","Auvergne-Rhône-Alpes","Auvergne-Rhône-Alpes","SUBVENTION","PME | ETI","","","","","","","","non","https://www.auvergnerhonealpes.fr/aides/financer-le-developpement-de-prototypes-fonctionnels-avec-les-partenariats-dinnovation","https://edelib.auvergnerhonealpes.fr/webdelibplus/jsp/showFile.jsp?datePub=24%2F03%2F2023&dateRetLega=24%2F03%2F2023&pdf=Jii%2BoBKA6B2tjBusVJX4%2F4jb6AOKFJ94tta2qSUXnb5%2FpmMXYOIgYTkOvlqgVv48061itaC5HWJBGjDX9eblIxG%2BtffiScNVhVWtpP24FZS6vB90Lx%2Bul8HbR%2B6ub2%2B9AAsoXCNXLq1kg6eUr%2FkDyJFbBDvSeoPoFA4Bod0OR21RWXeCyQuKKmu%2BzISx4Nab | https://www.auvergnerhonealpes.fr/media/9678/download?inline","A_REVERIFIER","56","28"
"aura_2a8bb3b71377368ae35bfd24226cafcfda51d5cb6b26063b9f654b4c31c428ed","Financer les activités de mon lieu culturel labellisé","AIDE","REGIONAL","Auvergne-Rhône-Alpes","Auvergne-Rhône-Alpes","SUBVENTION","","","","","","","","2026-11-30","non","https://www.auvergnerhonealpes.fr/aides/financer-activites-lieux-culturels-labellises","","A_REVERIFIER","50","28"
"aura_58de1f3e5395616ef8d67287bd51e09b82b683d80a45d051030d086f7dddfb5f","Financer les laboratoires en commun avec des entreprises : Pactes de recherche Auvergne-Rhône-Alpes","AIDE","REGIONAL","Auvergne-Rhône-Alpes","Auvergne-Rhône-Alpes","SUBVENTION","","200000","","200000","200000","100","100","","oui","https://www.auvergnerhonealpes.fr/aides/financer-les-laboratoires-en-commun-avec-des-entreprises-pactes-de-recherche-auvergne-rhone","https://www.auvergnerhonealpes.fr/media/6679/download?inline | https://www.auvergnerhonealpes.fr/media/6682/download?inline | https://www.auvergnerhonealpes.fr/media/6683/download?inline | https://y/Partage/PDA%20-%20Portail%20des%20Aides/D%C3%A9ploiement/1_Dispositifs%20d%C3%A9ploy%C3%A9s/DESRI/RECH_PACTRECH%20-%20Pactes%20de%20recherche/Fichiers%20GED/RECH_PACTES_Calc_difficulte.xlsx","A_REVERIFIER","63","28"
"aura_a5e8daa8d0abd16ae37583416916458a356617cc33291ea308b6d544ffacace8","Financer une création en environnement numérique, interactive et immersive en Auvergne-Rhône-Alpes","AIDE","REGIONAL","Auvergne-Rhône-Alpes","Auvergne-Rhône-Alpes","SUBVENTION","","","","","","","","","non","https://www.auvergnerhonealpes.fr/aides/financer-une-creation-en-environnement-numerique-interactive-et-immersive-en-auvergne-rhone","https://www.auvergnerhonealpes.fr/media/7655/download?inline","A_REVERIFIER","50","28"
"aura_22ce4ed3a3c4f1a6d432c83f202b129a92f597db04c91ae2d6bb79e845ba3164","Innover pour compenser le handicap","AIDE","REGIONAL","Auvergne-Rhône-Alpes","Auvergne-Rhône-Alpes","SUBVENTION","","","","","","","","","non","https://www.auvergnerhonealpes.fr/aides/innover-pour-compenser-le-handicap","https://www.auvergnerhonealpes.fr/media/11098/download?inline | https://www.auvergnerhonealpes.fr/media/10499/download?inline","A_REVERIFIER","50","28"
"aura_782316e205cc6acc98924d68d989c1ed762a97d0e80fbca6908261bc1d518a11","Investir dans les exploitations apicoles","AIDE","REGIONAL","Auvergne-Rhône-Alpes","Auvergne-Rhône-Alpes","SUBVENTION","","","","1250","4000","40","40","","oui","https://www.auvergnerhonealpes.fr/aides/investir-dans-les-exploitations-apicoles","","A_REVERIFIER","56","28"
"aura_d42d2bf8e1f73365d8d7eeeab8e3115632595e0a85b1711c669d5e11bedd99c9","Investir dans mon entreprise de travaux forestiers manuels - Plan forêt-bois 2023-2027","AIDE","REGIONAL","Auvergne-Rhône-Alpes","Auvergne-Rhône-Alpes","SUBVENTION","","","","","","","","","non","https://www.auvergnerhonealpes.fr/aides/investir-dans-mon-entreprise-de-travaux-forestiers-manuels-plan-foret-bois-2023-2027","","A_REVERIFIER","44","28"
"aura_c08f55608b7a5d7865158ab726b93009bc18feab4feaee83d555a42f430cde12","M’installer en tant que médecin thermal en Auvergne-Rhône-Alpes","AIDE","REGIONAL","Auvergne-Rhône-Alpes","Auvergne-Rhône-Alpes","SUBVENTION","","10000","50000","","","","","2026-11-15","non","https://www.auvergnerhonealpes.fr/aides/minstaller-en-tant-que-medecin-thermal-en-auvergne-rhone-alpes","","A_REVERIFIER","50","28"
"aura_600f31bf184a74478efba33a1830d2642d73386d06b026c0a9ebb2502defa4d9","Mettre en œuvre un contrat Natura 2000","AIDE","REGIONAL","Auvergne-Rhône-Alpes","Auvergne-Rhône-Alpes","SUBVENTION","","","","10000","100000","100","100","","oui","https://www.auvergnerhonealpes.fr/aides/mettre-en-oeuvre-un-contrat-natura-2000","https://www.auvergnerhonealpes.fr/media/14470/download?inline","A_REVERIFIER","63","28"
"aura_9926f22943aec4a71f22d8e6db16df148952364c87430396dea7d8f75e3d6ea1","Optimiser l'usage de l'eau en élevage","AIDE","REGIONAL","Auvergne-Rhône-Alpes","Auvergne-Rhône-Alpes","SUBVENTION","","0","1500","0","1500","40","40","","oui","https://www.auvergnerhonealpes.fr/aides/optimiser-lusage-de-leau-en-elevage","","A_REVERIFIER","56","28"
"aura_cdc39d2eddc407b2fb66b9e6cb71b43e091cbc0b178c2ac2d3832ceed1a39f76","Organiser un festival ou une fête du livre","AIDE","REGIONAL","Auvergne-Rhône-Alpes","Auvergne-Rhône-Alpes","SUBVENTION","","","","","","","","","non","https://www.auvergnerhonealpes.fr/aides/festivals","https://www.auvergnerhonealpes.fr/media/10624/download?inline","A_REVERIFIER","50","28"
"aura_a35b9d2f7706fc2c657111d1e0c7ae9771b9dce02463d114d0af98f4556fc3fb","Pacte Allier 2024-2027 - volet agricole","AIDE","REGIONAL","Auvergne-Rhône-Alpes","Auvergne-Rhône-Alpes","SUBVENTION","","","","","","","","","non","https://www.auvergnerhonealpes.fr/aides/pacte-allier-2024-2027-volet-agricole","","A_REVERIFIER","44","28"
"aura_ded295df44279f67ca14a5a73ed2a49c5d91fb4d85178234f29ddd9089f1aea4","Pacte Cantal 2022-2027 - Volet agricole","AIDE","REGIONAL","Auvergne-Rhône-Alpes","Auvergne-Rhône-Alpes","SUBVENTION","","","","","","","","","non","https://www.auvergnerhonealpes.fr/aides/pacte-cantal-2022-2027-volet-agricole","","A_REVERIFIER","44","28"
"aura_f14a2b9bc3af063cfeb82b87460628256d953c35d0ef0f7ceb53551985d51940","Plan Montagne - Diversifier l’offre touristique des stations été comme hiver","AIDE","REGIONAL","Auvergne-Rhône-Alpes","","SUBVENTION","","","","","","","","","non","https://www.auvergnerhonealpes.fr/aides/plan-montagne-diversifier-loffre-touristique-des-stations-ete-comme-hiver","","A_REVERIFIER","44","28"
"aura_8f5a024861427fdaf3876edd7b8c2739fd9f47f55663ccb3c69743d651781d40","Porter un projet collaboratif d’expérimentations ou de recherche appliquée en agriculture avec le dispositif PEPIT (Pôles d'Expérimentations agricoles Partenariales pour l'Innovation et le Transfert) - Etape AAP 2026","AIDE","REGIONAL","Auvergne-Rhône-Alpes","Auvergne-Rhône-Alpes","SUBVENTION","PME","","","435","60000","50","70","2026-10-12","oui","https://www.auvergnerhonealpes.fr/aides/porter-un-projet-collaboratif-dexperimentations-ou-de-recherche-appliquee-en-agriculture-0","https://www.auvergnerhonealpes.fr/media/8679/download?inline | https://www.auvergnerhonealpes.fr/media/8681/download?inline","A_REVERIFIER","63","19"
"aura_4eb82d18a1b75decfd9d2f1aeacd3230f32d9695512ca76f429344cdffaffee6","S’équiper pour développer l’approvisionnement local","AIDE","REGIONAL","Auvergne-Rhône-Alpes","Auvergne-Rhône-Alpes","SUBVENTION","PME","80000","","","","","","","non","https://www.auvergnerhonealpes.fr/aides/sequiper-pour-developper-lapprovisionnement-local","","A_REVERIFIER","50","28"
"aura_6f362f9320ea8785fcd0babd46b154f9219436e861218b645007289f2aacb55d","Soutenir la filière fruits - Plan régional filière fruits 2023-2027","AIDE","REGIONAL","Auvergne-Rhône-Alpes","Auvergne-Rhône-Alpes","SUBVENTION","","","","","","","","","oui","https://www.auvergnerhonealpes.fr/aides/soutenir-la-filiere-fruits-plan-regional-filiere-fruits-2023-2027","https://www.auvergnerhonealpes.fr/media/4437/download?inline","A_REVERIFIER","63","28"
"aura_563a784d0c27fd3dc3f4f70d2427e02f402059442e7c45c4fa5014dec602f5c4","Soutenir la filière grandes cultures – Plan régional filière grandes cultures 2024-2027","AIDE","REGIONAL","Auvergne-Rhône-Alpes","Auvergne-Rhône-Alpes","SUBVENTION","","","","","","","","","oui","https://www.auvergnerhonealpes.fr/aides/soutenir-la-filiere-grandes-cultures-plan-regional-filiere-grandes-cultures-2024-2027","https://www.auvergnerhonealpes.fr/media/12559/download?inline | https://www.auvergnerhonealpes.fr/media/12573/download?inline | https://www.auvergnerhonealpes.fr/media/12574/download?inline","A_REVERIFIER","63","28"
"aura_fe455deb820c5972ddadf01475d8e32a7202628f9226d328c426e205c15c0637","Soutenir les projets économiques en AB","AIDE","REGIONAL","Auvergne-Rhône-Alpes","","SUBVENTION","PME","10000","100000","","","","","","non","https://www.auvergnerhonealpes.fr/aides/soutenir-les-projets-economiques-en-ab","https://www.auvergnerhonealpes.fr/media/264/download?inline","A_REVERIFIER","56","28"
"aura_f40b3ec93135ab485fefef63c0de5b3bd6bb23b5e8242ba4b39b845759157598","Trouver une exploitation à acheter ou à louer","AIDE","REGIONAL","Auvergne-Rhône-Alpes","Auvergne-Rhône-Alpes","SUBVENTION","","","","","","","","","non","https://www.auvergnerhonealpes.fr/aides/trouver-une-exploitation-acheter-ou-louer","","A_REVERIFIER","44","28"